数据集,类分布,特征数量,特征选择数量,原始,SMOTE,特征选择+SMOTE
GLI-85.mat,[1],22283,30,"(0.816497, 0.854167, 0.819444)","(0.816497, 0.791667, 0.819444)","(0.677003, 0.756944, 0.640553)"
