数据集,类分布,特征数量,特征选择数量,原始,SMOTE,特征选择+SMOTE
GLIOMA.mat,[1],4434,88,"(0.840896, 0.9625, 0.875)","(0.880112, 0.979167, 0.881944)","(0.782542, 0.891667, 0.781439)"
